name,id,fast,charge
Bulbasaur,1,214,90
Bulbasaur,1,214,59
Bulbasaur,1,214,118
Bulbasaur,1,221,90
Bulbasaur,1,221,59
Bulbasaur,1,221,118
Ivysaur,2,215,90
Ivysaur,2,215,116
Ivysaur,2,215,118
Ivysaur,2,214,90
Ivysaur,2,214,116
Ivysaur,2,214,118
Venusaur,3,215,90
Venusaur,3,215,47
Venusaur,3,215,116
Venusaur,3,214,90
Venusaur,3,214,47
Venusaur,3,214,116
Charmander,4,209,101
Charmander,4,209,102
Charmander,4,209,24
Charmander,4,220,101
Charmander,4,220,102
Charmander,4,220,24
Charmeleon,5,209,115
Charmeleon,5,209,102
Charmeleon,5,209,24
Charmeleon,5,240,115
Charmeleon,5,240,102
Charmeleon,5,240,24
Charizard,6,269,103
Charizard,6,269,83
Charizard,6,269,270
Charizard,6,255,103
Charizard,6,255,83
Charizard,6,255,270
Squirtle,7,237,57
Squirtle,7,237,58
Squirtle,7,237,105
Squirtle,7,221,57
Squirtle,7,221,58
Squirtle,7,221,105
Wartortle,8,230,57
Wartortle,8,230,39
Wartortle,8,230,107
Wartortle,8,202,57
Wartortle,8,202,39
Wartortle,8,202,107
Blastoise,9,230,36
Blastoise,9,230,39
Blastoise,9,230,107
Blastoise,9,202,36
Blastoise,9,202,39
Blastoise,9,202,107
Caterpie,10,201,133
Caterpie,10,221,133
Metapod,11,201,133
Metapod,11,221,133
Butterfree,12,261,49
Butterfree,12,261,108
Butterfree,12,261,99
Butterfree,12,235,49
Butterfree,12,235,108
Butterfree,12,235,99
Weedle,13,201,133
Weedle,13,236,133
Kakuna,14,201,133
Kakuna,14,236,133
Beedrill,15,260,90
Beedrill,15,260,45
Beedrill,15,260,100
Beedrill,15,224,90
Beedrill,15,224,45
Beedrill,15,224,100
Pidgey,16,219,80
Pidgey,16,219,45
Pidgey,16,219,121
Pidgey,16,221,80
Pidgey,16,221,45
Pidgey,16,221,121
Pidgeotto,17,210,80
Pidgeotto,17,210,45
Pidgeotto,17,210,121
Pidgeotto,17,239,80
Pidgeotto,17,239,45
Pidgeotto,17,239,121
Pidgeot,18,255,122
Pidgeot,18,255,45
Pidgeot,18,255,256
Pidgeot,18,239,122
Pidgeot,18,239,45
Pidgeot,18,239,256
Rattata,19,221,26
Rattata,19,221,129
Rattata,19,221,131
Rattata,19,219,26
Rattata,19,219,129
Rattata,19,219,131
Raticate,20,202,26
Raticate,20,202,129
Raticate,20,202,14
Raticate,20,219,26
Raticate,20,219,129
Raticate,20,219,14
Spearow,21,211,45
Spearow,21,211,38
Spearow,21,211,257
Spearow,21,219,45
Spearow,21,219,38
Spearow,21,219,257
Fearow,22,211,45
Fearow,22,211,46
Fearow,22,211,257
Fearow,22,239,45
Fearow,22,239,46
Fearow,22,239,257
Ekans,23,236,13
Ekans,23,236,50
Ekans,23,236,90
Ekans,23,225,13
Ekans,23,225,50
Ekans,23,225,90
Arbok,24,202,16
Arbok,24,202,91
Arbok,24,202,92
Arbok,24,225,16
Arbok,24,225,91
Arbok,24,225,92
Pikachu,25,205,35
Pikachu,25,205,79
Pikachu,25,205,251
Pikachu,25,219,35
Pikachu,25,219,79
Pikachu,25,219,251
Raichu,26,250,123
Raichu,26,250,77
Raichu,26,250,251
Raichu,26,206,123
Raichu,26,206,77
Raichu,26,206,251
Sandshrew,27,220,26
Sandshrew,27,220,64
Sandshrew,27,220,258
Sandshrew,27,216,26
Sandshrew,27,216,64
Sandshrew,27,216,258
Sandslash,28,228,31
Sandslash,28,228,63
Sandslash,28,228,95
Sandslash,28,216,31
Sandslash,28,216,63
Sandslash,28,216,95
Nidoran♀,29,202,50
Nidoran♀,29,202,131
Nidoran♀,29,202,90
Nidoran♀,29,236,50
Nidoran♀,29,236,131
Nidoran♀,29,236,90
Nidorina,30,202,50
Nidorina,30,202,26
Nidorina,30,202,90
Nidorina,30,236,50
Nidorina,30,236,26
Nidorina,30,236,90
Nidoqueen,31,224,31
Nidoqueen,31,224,91
Nidoqueen,31,224,32
Nidoqueen,31,202,31
Nidoqueen,31,202,91
Nidoqueen,31,202,32
Nidoran♂,32,211,126
Nidoran♂,32,211,131
Nidoran♂,32,211,90
Nidoran♂,32,236,126
Nidoran♂,32,236,131
Nidoran♂,32,236,90
Nidorino,33,224,126
Nidorino,33,224,26
Nidorino,33,224,90
Nidorino,33,236,126
Nidorino,33,236,26
Nidorino,33,236,90
Nidoking,34,224,31
Nidoking,34,224,91
Nidoking,34,224,22
Nidoking,34,266,31
Nidoking,34,266,91
Nidoking,34,266,22
Clefairy,35,222,84
Clefairy,35,222,131
Clefairy,35,222,87
Clefairy,35,234,84
Clefairy,35,234,131
Clefairy,35,234,87
Clefable,36,249,86
Clefable,36,249,108
Clefable,36,249,87
Clefable,36,234,86
Clefable,36,234,108
Clefable,36,234,87
Vulpix,37,219,131
Vulpix,37,219,24
Vulpix,37,219,101
Vulpix,37,209,131
Vulpix,37,209,24
Vulpix,37,209,101
Ninetales,38,238,42
Ninetales,38,238,270
Ninetales,38,238,116
Ninetales,38,269,42
Ninetales,38,269,270
Ninetales,38,269,116
Jigglypuff,39,222,84
Jigglypuff,39,222,267
Jigglypuff,39,222,86
Jigglypuff,39,238,84
Jigglypuff,39,238,267
Jigglypuff,39,238,86
Wigglytuff,40,222,86
Wigglytuff,40,222,14
Wigglytuff,40,222,88
Wigglytuff,40,238,86
Wigglytuff,40,238,14
Wigglytuff,40,238,88
Zubat,41,219,50
Zubat,41,219,121
Zubat,41,219,125
Zubat,41,202,50
Zubat,41,202,121
Zubat,41,202,125
Golbat,42,210,70
Golbat,42,210,121
Golbat,42,210,50
Golbat,42,202,70
Golbat,42,202,121
Golbat,42,202,50
Oddish,43,215,59
Oddish,43,215,90
Oddish,43,215,87
Oddish,43,225,59
Oddish,43,225,90
Oddish,43,225,87
Gloom,44,215,47
Gloom,44,215,90
Gloom,44,215,87
Gloom,44,225,47
Gloom,44,225,90
Gloom,44,225,87
Vileplume,45,215,47
Vileplume,45,215,116
Vileplume,45,215,87
Vileplume,45,225,47
Vileplume,45,225,116
Vileplume,45,225,87
Paras,46,220,89
Paras,46,220,100
Paras,46,220,59
Paras,46,201,89
Paras,46,201,100
Paras,46,201,59
Parasect,47,261,89
Parasect,47,261,100
Parasect,47,261,116
Parasect,47,200,89
Parasect,47,200,100
Parasect,47,200,116
Venonat,48,201,50
Venonat,48,201,30
Venonat,48,201,99
Venonat,48,235,50
Venonat,48,235,30
Venonat,48,235,99
Venomoth,49,260,262
Venomoth,49,260,108
Venomoth,49,260,49
Venomoth,49,235,262
Venomoth,49,235,108
Venomoth,49,235,49
Diglett,50,233,26
Diglett,50,233,96
Diglett,50,233,63
Diglett,50,220,26
Diglett,50,220,96
Diglett,50,220,63
Dugtrio,51,203,31
Dugtrio,51,203,96
Dugtrio,51,203,32
Dugtrio,51,233,31
Dugtrio,51,233,96
Dugtrio,51,233,32
Meowth,52,220,51
Meowth,52,220,16
Meowth,52,220,280
Meowth,52,202,51
Meowth,52,202,16
Meowth,52,202,280
Persian,53,220,280
Persian,53,220,65
Persian,53,220,88
Persian,53,238,280
Persian,53,238,65
Persian,53,238,88
Psyduck,54,230,30
Psyduck,54,230,58
Psyduck,54,230,28
Psyduck,54,234,30
Psyduck,54,234,58
Psyduck,54,234,28
Golduck,55,230,108
Golduck,55,230,107
Golduck,55,230,39
Golduck,55,235,108
Golduck,55,235,107
Golduck,55,235,39
Mankey,56,208,28
Mankey,56,208,56
Mankey,56,208,123
Mankey,56,220,28
Mankey,56,220,56
Mankey,56,220,123
Primeape,57,207,245
Primeape,57,207,56
Primeape,57,207,51
Primeape,57,243,245
Primeape,57,243,56
Primeape,57,243,51
Growlithe,58,209,21
Growlithe,58,209,131
Growlithe,58,209,24
Growlithe,58,202,21
Growlithe,58,202,131
Growlithe,58,202,24
Arcanine,59,240,103
Arcanine,59,240,251
Arcanine,59,240,279
Arcanine,59,278,103
Arcanine,59,278,251
Arcanine,59,278,279
Poliwag,60,237,53
Poliwag,60,237,96
Poliwag,60,237,131
Poliwag,60,216,53
Poliwag,60,216,96
Poliwag,60,216,131
Poliwhirl,61,237,105
Poliwhirl,61,237,96
Poliwhirl,61,237,53
Poliwhirl,61,216,105
Poliwhirl,61,216,96
Poliwhirl,61,216,53
Poliwrath,62,237,107
Poliwrath,62,237,246
Poliwrath,62,237,33
Poliwrath,62,241,107
Poliwrath,62,241,246
Poliwrath,62,241,33
Abra,63,234,60
Abra,63,234,99
Abra,63,234,70
Abra,63,249,60
Abra,63,249,99
Abra,63,249,70
Kadabra,64,226,30
Kadabra,64,226,86
Kadabra,64,226,70
Kadabra,64,235,30
Kadabra,64,235,86
Kadabra,64,235,70
Alakazam,65,226,275
Alakazam,65,226,247
Alakazam,65,226,70
Alakazam,65,235,275
Alakazam,65,235,247
Alakazam,65,235,70
Machop,66,241,56
Machop,66,241,123
Machop,66,241,28
Machop,66,208,56
Machop,66,208,123
Machop,66,208,28
Machoke,67,207,54
Machoke,67,207,123
Machoke,67,207,246
Machoke,67,208,54
Machoke,67,208,123
Machoke,67,208,246
Machamp,68,229,268
Machamp,68,229,246
Machamp,68,229,245
Machamp,68,243,268
Machamp,68,243,246
Machamp,68,243,245
Bellsprout,69,214,118
Bellsprout,69,214,90
Bellsprout,69,214,13
Bellsprout,69,225,118
Bellsprout,69,225,90
Bellsprout,69,225,13
Weepinbell,70,271,118
Weepinbell,70,271,90
Weepinbell,70,271,59
Weepinbell,70,225,118
Weepinbell,70,225,90
Weepinbell,70,225,59
Victreebel,71,215,117
Victreebel,71,215,90
Victreebel,71,215,116
Victreebel,71,225,117
Victreebel,71,225,90
Victreebel,71,225,116
Tentacool,72,237,53
Tentacool,72,237,105
Tentacool,72,237,13
Tentacool,72,236,53
Tentacool,72,236,105
Tentacool,72,236,13
Tentacruel,73,225,107
Tentacruel,73,225,91
Tentacruel,73,225,40
Tentacruel,73,224,107
Tentacruel,73,224,91
Tentacruel,73,224,40
Geodude,74,227,64
Geodude,74,227,63
Geodude,74,227,26
Geodude,74,221,64
Geodude,74,221,63
Geodude,74,221,26
Graveler,75,227,26
Graveler,75,227,32
Graveler,75,227,259
Graveler,75,233,26
Graveler,75,233,32
Graveler,75,233,259
Golem,76,227,32
Golem,76,227,259
Golem,76,227,31
Golem,76,233,32
Golem,76,233,259
Golem,76,233,31
Ponyta,77,221,101
Ponyta,77,221,21
Ponyta,77,221,127
Ponyta,77,209,101
Ponyta,77,209,21
Ponyta,77,209,127
Rapidash,78,207,103
Rapidash,78,207,46
Rapidash,78,207,42
Rapidash,78,269,103
Rapidash,78,269,46
Rapidash,78,269,42
Slowpoke,79,230,105
Slowpoke,79,230,60
Slowpoke,79,230,108
Slowpoke,79,235,105
Slowpoke,79,235,60
Slowpoke,79,235,108
Slowbro,80,230,105
Slowbro,80,230,108
Slowbro,80,230,39
Slowbro,80,235,105
Slowbro,80,235,108
Slowbro,80,235,39
Magnemite,81,206,35
Magnemite,81,206,72
Magnemite,81,206,79
Magnemite,81,205,35
Magnemite,81,205,72
Magnemite,81,205,79
Magneton,82,206,252
Magneton,82,206,72
Magneton,82,206,36
Magneton,82,249,252
Magneton,82,249,72
Magneton,82,249,36
Farfetch'd,83,255,45
Farfetch'd,83,255,121
Farfetch'd,83,255,117
Farfetch'd,83,200,45
Farfetch'd,83,200,121
Farfetch'd,83,200,117
Doduo,84,211,38
Doduo,84,211,45
Doduo,84,211,256
Doduo,84,219,38
Doduo,84,219,45
Doduo,84,219,256
Dodrio,85,238,38
Dodrio,85,238,45
Dodrio,85,238,256
Dodrio,85,239,38
Dodrio,85,239,45
Dodrio,85,239,256
Seel,86,217,248
Seel,86,217,111
Seel,86,217,58
Seel,86,212,248
Seel,86,212,111
Seel,86,212,58
Dewgong,87,218,248
Dewgong,87,218,105
Dewgong,87,218,40
Dewgong,87,266,248
Dewgong,87,266,105
Dewgong,87,266,40
Grimer,88,224,18
Grimer,88,224,96
Grimer,88,224,90
Grimer,88,233,18
Grimer,88,233,96
Grimer,88,233,90
Muk,89,260,16
Muk,89,260,92
Muk,89,260,91
Muk,89,224,16
Muk,89,224,92
Muk,89,224,91
Shellder,90,217,53
Shellder,90,217,105
Shellder,90,217,111
Shellder,90,221,53
Shellder,90,221,105
Shellder,90,221,111
Cloyster,91,218,248
Cloyster,91,218,107
Cloyster,91,218,254
Cloyster,91,217,248
Cloyster,91,217,107
Cloyster,91,217,254
Gastly,92,212,265
Gastly,92,212,16
Gastly,92,212,90
Gastly,92,263,265
Gastly,92,263,16
Gastly,92,263,90
Haunter,93,213,67
Haunter,93,213,16
Haunter,93,213,90
Haunter,93,263,67
Haunter,93,263,16
Haunter,93,263,90
Gengar,94,203,70
Gengar,94,203,247
Gengar,94,203,90
Gengar,94,264,70
Gengar,94,264,247
Gengar,94,264,90
Onix,95,227,258
Onix,95,227,32
Onix,95,227,268
Onix,95,221,258
Onix,95,221,32
Onix,95,221,268
Drowzee,96,222,30
Drowzee,96,222,60
Drowzee,96,222,108
Drowzee,96,235,30
Drowzee,96,235,60
Drowzee,96,235,108
Hypno,97,234,275
Hypno,97,234,108
Hypno,97,234,247
Hypno,97,235,275
Hypno,97,235,108
Hypno,97,235,247
Krabby,98,237,20
Krabby,98,237,53
Krabby,98,237,105
Krabby,98,216,20
Krabby,98,216,53
Krabby,98,216,105
Kingler,99,237,20
Kingler,99,237,100
Kingler,99,237,105
Kingler,99,228,20
Kingler,99,228,100
Kingler,99,228,105
Voltorb,100,206,35
Voltorb,100,206,79
Voltorb,100,206,267
Voltorb,100,221,35
Voltorb,100,221,79
Voltorb,100,221,267
Electrode,101,206,35
Electrode,101,206,79
Electrode,101,206,14
Electrode,101,250,35
Electrode,101,250,79
Electrode,101,250,14
Exeggcute,102,235,59
Exeggcute,102,235,108
Exeggcute,102,235,62
Exeggcute,102,271,59
Exeggcute,102,271,108
Exeggcute,102,271,62
Exeggutor,103,271,59
Exeggutor,103,271,108
Exeggutor,103,271,116
Exeggutor,103,274,59
Exeggutor,103,274,108
Exeggutor,103,274,116
Cubone,104,233,94
Cubone,104,233,26
Cubone,104,233,95
Cubone,104,241,94
Cubone,104,241,26
Cubone,104,241,95
Marowak,105,233,94
Marowak,105,233,26
Marowak,105,233,31
Marowak,105,241,94
Marowak,105,241,26
Marowak,105,241,31
Hitmonlee,106,207,245
Hitmonlee,106,207,56
Hitmonlee,106,207,32
Hitmonlee,106,241,245
Hitmonlee,106,241,56
Hitmonlee,106,241,32
Hitmonchan,107,229,115
Hitmonchan,107,229,33
Hitmonchan,107,229,77
Hitmonchan,107,229,245
Hitmonchan,107,243,115
Hitmonchan,107,243,33
Hitmonchan,107,243,77
Hitmonchan,107,243,245
Lickitung,108,212,14
Lickitung,108,212,127
Lickitung,108,212,118
Lickitung,108,234,14
Lickitung,108,234,127
Lickitung,108,234,118
Koffing,109,221,18
Koffing,109,221,90
Koffing,109,221,16
Koffing,109,260,18
Koffing,109,260,90
Koffing,109,260,16
Weezing,110,221,90
Weezing,110,221,70
Weezing,110,221,16
Weezing,110,260,90
Weezing,110,260,70
Weezing,110,260,16
Rhyhorn,111,233,95
Rhyhorn,111,233,126
Rhyhorn,111,233,127
Rhyhorn,111,241,95
Rhyhorn,111,241,126
Rhyhorn,111,241,127
Rhydon,112,233,284
Rhydon,112,233,31
Rhydon,112,233,32
Rhydon,112,241,284
Rhydon,112,241,31
Rhydon,112,241,32
Chansey,113,222,108
Chansey,113,222,14
Chansey,113,222,86
Chansey,113,234,108
Chansey,113,234,14
Chansey,113,234,86
Tangela,114,214,272
Tangela,114,214,90
Tangela,114,214,116
Tangela,114,260,272
Tangela,114,260,90
Tangela,114,260,116
Kangaskhan,115,233,279
Kangaskhan,115,233,31
Kangaskhan,115,233,277
Kangaskhan,115,207,279
Kangaskhan,115,207,31
Kangaskhan,115,207,277
Horsea,116,230,53
Horsea,116,230,82
Horsea,116,230,36
Horsea,116,237,53
Horsea,116,237,82
Horsea,116,237,36
Seadra,117,230,248
Seadra,117,230,82
Seadra,117,230,107
Seadra,117,204,248
Seadra,117,204,82
Seadra,117,204,107
Goldeen,118,211,105
Goldeen,118,211,126
Goldeen,118,211,58
Goldeen,118,216,105
Goldeen,118,216,126
Goldeen,118,216,58
Seaking,119,211,39
Seaking,119,211,105
Seaking,119,211,22
Seaking,119,283,39
Seaking,119,283,105
Seaking,119,283,22
Staryu,120,221,125
Staryu,120,221,53
Staryu,120,221,65
Staryu,120,230,125
Staryu,120,230,53
Staryu,120,230,65
Starmie,121,281,107
Starmie,121,281,65
Starmie,121,281,108
Starmie,121,230,107
Starmie,121,230,65
Starmie,121,230,108
Mr. Mime,122,235,30
Mr. Mime,122,235,108
Mr. Mime,122,235,70
Mr. Mime,122,234,30
Mr. Mime,122,234,108
Mr. Mime,122,234,70
Scyther,123,200,51
Scyther,123,200,100
Scyther,123,200,45
Scyther,123,255,51
Scyther,123,255,100
Scyther,123,255,45
Jynx,124,218,85
Jynx,124,218,254
Jynx,124,218,60
Jynx,124,235,85
Jynx,124,235,254
Jynx,124,235,60
Electabuzz,125,205,77
Electabuzz,125,205,79
Electabuzz,125,205,78
Electabuzz,125,207,77
Electabuzz,125,207,79
Electabuzz,125,207,78
Magmar,126,209,103
Magmar,126,209,115
Magmar,126,209,24
Magmar,126,208,103
Magmar,126,208,115
Magmar,126,208,24
Pinsir,127,241,20
Pinsir,127,241,100
Pinsir,127,241,245
Pinsir,127,201,20
Pinsir,127,201,100
Pinsir,127,201,245
Tauros,128,221,126
Tauros,128,221,74
Tauros,128,221,31
Tauros,128,234,126
Tauros,128,234,74
Tauros,128,234,31
Magikarp,129,231,133
Gyarados,130,202,107
Gyarados,130,202,279
Gyarados,130,202,277
Gyarados,130,283,107
Gyarados,130,283,279
Gyarados,130,283,277
Lapras,131,218,107
Lapras,131,218,284
Lapras,131,218,40
Lapras,131,230,107
Lapras,131,230,284
Lapras,131,230,40
Ditto,132,242,133
Eevee,133,219,26
Eevee,133,219,125
Eevee,133,221,26
Eevee,133,221,125
Vaporeon,134,230,105
Vaporeon,134,230,107
Vaporeon,134,230,58
Jolteon,135,205,35
Jolteon,135,205,79
Jolteon,135,205,78
Jolteon,135,250,35
Jolteon,135,250,79
Jolteon,135,250,78
Flareon,136,209,103
Flareon,136,209,24
Flareon,136,209,270
Flareon,136,269,103
Flareon,136,269,24
Flareon,136,269,270
Porygon,137,249,116
Porygon,137,249,14
Porygon,137,249,252
Porygon,137,281,116
Porygon,137,281,14
Porygon,137,281,252
Omanyte,138,230,62
Omanyte,138,230,53
Omanyte,138,230,259
Omanyte,138,216,62
Omanyte,138,216,53
Omanyte,138,216,259
Omastar,139,216,62
Omastar,139,216,107
Omastar,139,216,259
Omastar,139,230,62
Omastar,139,230,107
Omastar,139,230,259
Kabuto,140,220,62
Kabuto,140,220,57
Kabuto,140,220,63
Kabuto,140,216,62
Kabuto,140,216,57
Kabuto,140,216,63
Kabutops,141,216,62
Kabutops,141,216,105
Kabutops,141,216,32
Kabutops,141,241,62
Kabutops,141,241,105
Kabutops,141,241,32
Aerodactyl,142,239,62
Aerodactyl,142,239,74
Aerodactyl,142,239,14
Aerodactyl,142,202,62
Aerodactyl,142,202,74
Aerodactyl,142,202,14
Snorlax,143,234,268
Snorlax,143,234,14
Snorlax,143,234,31
Snorlax,143,212,268
Snorlax,143,212,14
Snorlax,143,212,31
Articuno,144,218,39
Articuno,144,218,111
Articuno,144,218,40
Zapdos,145,249,252
Zapdos,145,249,79
Zapdos,145,249,78
Moltres,146,269,103
Moltres,146,269,42
Moltres,146,269,270
Dratini,147,204,13
Dratini,147,204,80
Dratini,147,204,58
Dratini,147,266,13
Dratini,147,266,80
Dratini,147,266,58
Dragonair,148,204,13
Dragonair,148,204,58
Dragonair,148,204,82
Dragonair,148,266,13
Dragonair,148,266,58
Dragonair,148,266,82
Dragonite,149,253,122
Dragonite,149,253,14
Dragonite,149,253,277
Dragonite,149,239,122
Dragonite,149,239,14
Dragonite,149,239,277
Mewtwo,150,226,108
Mewtwo,150,226,70
Mewtwo,150,226,14
Mewtwo,150,226,247
Mewtwo,150,235,108
Mewtwo,150,235,70
Mewtwo,150,235,14
Mewtwo,150,235,247
Mew,151,222,40
Mew,151,222,31
Mew,151,222,108
Mew,151,222,247
Mew,151,222,78
Mew,151,222,103
Mew,151,222,116
Mew,151,222,14
Chikorita,152,214,273
Chikorita,152,214,272
Chikorita,152,214,131
Chikorita,152,221,273
Chikorita,152,221,272
Chikorita,152,221,131
Bayleef,153,215,273
Bayleef,153,215,272
Bayleef,153,215,62
Bayleef,153,221,273
Bayleef,153,221,272
Bayleef,153,221,62
Meganium,154,215,47
Meganium,154,215,116
Meganium,154,215,31
Meganium,154,214,47
Meganium,154,214,116
Meganium,154,214,31
Cyndaquil,155,209,101
Cyndaquil,155,209,125
Cyndaquil,155,209,24
Cyndaquil,155,221,101
Cyndaquil,155,221,125
Cyndaquil,155,221,24
Quilava,156,209,101
Quilava,156,209,26
Quilava,156,209,24
Quilava,156,221,101
Quilava,156,221,26
Quilava,156,221,24
Typhlosion,157,209,103
Typhlosion,157,209,270
Typhlosion,157,209,116
Typhlosion,157,213,103
Typhlosion,157,213,270
Typhlosion,157,213,116
Totodile,158,230,279
Totodile,158,230,57
Totodile,158,230,105
Totodile,158,220,279
Totodile,158,220,57
Totodile,158,220,105
Croconaw,159,230,279
Croconaw,159,230,33
Croconaw,159,230,105
Croconaw,159,220,279
Croconaw,159,220,33
Croconaw,159,220,105
Feraligatr,160,283,279
Feraligatr,160,283,107
Feraligatr,160,283,39
Feraligatr,160,202,279
Feraligatr,160,202,107
Feraligatr,160,202,39
Sentret,161,220,26
Sentret,161,220,123
Sentret,161,220,272
Sentret,161,219,26
Sentret,161,219,123
Sentret,161,219,272
Furret,162,219,26
Furret,162,219,123
Furret,162,219,14
Furret,162,203,26
Furret,162,203,123
Furret,162,203,14
Hoothoot,163,238,45
Hoothoot,163,238,257
Hoothoot,163,238,265
Hoothoot,163,211,45
Hoothoot,163,211,257
Hoothoot,163,211,265
Noctowl,164,210,108
Noctowl,164,210,257
Noctowl,164,210,265
Noctowl,164,274,108
Noctowl,164,274,257
Noctowl,164,274,265
Ledyba,165,221,262
Ledyba,165,221,125
Ledyba,165,221,45
Ledyba,165,201,262
Ledyba,165,201,125
Ledyba,165,201,45
Ledian,166,261,49
Ledian,166,261,262
Ledian,166,261,45
Ledian,166,201,49
Ledian,166,201,262
Ledian,166,201,45
Spinarak,167,236,51
Spinarak,167,236,99
Spinarak,167,236,89
Spinarak,167,201,51
Spinarak,167,201,99
Spinarak,167,201,89
Ariados,168,236,66
Ariados,168,236,22
Ariados,168,236,89
Ariados,168,260,66
Ariados,168,260,22
Ariados,168,260,89
Crobat,169,255,70
Crobat,169,255,121
Crobat,169,255,90
Crobat,169,202,70
Crobat,169,202,121
Crobat,169,202,90
Chinchou,170,237,105
Chinchou,170,237,79
Chinchou,170,237,53
Chinchou,170,206,105
Chinchou,170,206,79
Chinchou,170,206,53
Lanturn,171,230,107
Lanturn,171,230,79
Lanturn,171,230,78
Lanturn,171,249,107
Lanturn,171,249,79
Lanturn,171,249,78
Pichu,172,205,79
Pichu,172,205,84
Pichu,172,205,77
Cleffa,173,222,272
Cleffa,173,222,60
Cleffa,173,222,99
Cleffa,173,234,272
Cleffa,173,234,60
Cleffa,173,234,99
Igglybuff,174,222,251
Igglybuff,174,222,70
Igglybuff,174,222,108
Igglybuff,174,238,251
Igglybuff,174,238,70
Igglybuff,174,238,108
Togepi,175,281,62
Togepi,175,281,60
Togepi,175,281,86
Togepi,175,211,62
Togepi,175,211,60
Togepi,175,211,86
Togetic,176,274,62
Togetic,176,274,86
Togetic,176,274,45
Togetic,176,281,62
Togetic,176,281,86
Togetic,176,281,45
Natu,177,211,265
Natu,177,211,60
Natu,177,211,38
Natu,177,219,265
Natu,177,219,60
Natu,177,219,38
Xatu,178,255,69
Xatu,178,255,275
Xatu,178,255,45
Xatu,178,238,69
Xatu,178,238,275
Xatu,178,238,45
Mareep,179,221,131
Mareep,179,221,79
Mareep,179,221,35
Mareep,179,205,131
Mareep,179,205,79
Mareep,179,205,35
Flaaffy,180,221,65
Flaaffy,180,221,79
Flaaffy,180,221,35
Flaaffy,180,249,65
Flaaffy,180,249,79
Flaaffy,180,249,35
Ampharos,181,249,252
Ampharos,181,249,247
Ampharos,181,249,78
Ampharos,181,250,252
Ampharos,181,250,247
Ampharos,181,250,78
Bellossom,182,215,117
Bellossom,182,215,47
Bellossom,182,215,86
Bellossom,182,225,117
Bellossom,182,225,47
Bellossom,182,225,86
Marill,183,221,53
Marill,183,221,58
Marill,183,221,131
Marill,183,237,53
Marill,183,237,58
Marill,183,237,131
Azumarill,184,241,88
Azumarill,184,241,107
Azumarill,184,241,39
Azumarill,184,237,88
Azumarill,184,237,107
Azumarill,184,237,39
Sudowoodo,185,227,32
Sudowoodo,185,227,31
Sudowoodo,185,227,64
Sudowoodo,185,243,32
Sudowoodo,185,243,31
Sudowoodo,185,243,64
Politoed,186,216,107
Politoed,186,216,40
Politoed,186,216,284
Politoed,186,237,107
Politoed,186,237,40
Politoed,186,237,284
Hoppip,187,221,272
Hoppip,187,221,86
Hoppip,187,221,59
Hoppip,187,271,272
Hoppip,187,271,86
Hoppip,187,271,59
Skiploom,188,221,272
Skiploom,188,221,86
Skiploom,188,221,273
Skiploom,188,271,272
Skiploom,188,271,86
Skiploom,188,271,273
Jumpluff,189,260,273
Jumpluff,189,260,86
Jumpluff,189,260,116
Jumpluff,189,271,273
Jumpluff,189,271,86
Jumpluff,189,271,116
Aipom,190,220,56
Aipom,190,220,125
Aipom,190,220,45
Aipom,190,263,56
Aipom,190,263,125
Aipom,190,263,45
Sunkern,191,215,273
Sunkern,191,215,272
Sunkern,191,215,59
Sunkern,191,223,273
Sunkern,191,223,272
Sunkern,191,223,59
Sunflora,192,215,116
Sunflora,192,215,47
Sunflora,192,215,90
Sunflora,192,271,116
Sunflora,192,271,47
Sunflora,192,271,90
Yanma,193,219,62
Yanma,193,219,45
Yanma,193,219,262
Yanma,193,210,62
Yanma,193,210,45
Yanma,193,210,262
Wooper,194,230,96
Wooper,194,230,26
Wooper,194,230,131
Wooper,194,216,96
Wooper,194,216,26
Wooper,194,216,131
Quagsire,195,230,90
Quagsire,195,230,31
Quagsire,195,230,32
Quagsire,195,216,90
Quagsire,195,216,31
Quagsire,195,216,32
Espeon,196,235,30
Espeon,196,235,108
Espeon,196,235,275
Espeon,196,234,30
Espeon,196,234,108
Espeon,196,234,275
Umbreon,197,238,16
Umbreon,197,238,280
Umbreon,197,278,16
Umbreon,197,278,280
Murkrow,198,211,38
Murkrow,198,211,280
Murkrow,198,211,16
Murkrow,198,238,38
Murkrow,198,238,280
Murkrow,198,238,16
Slowking,199,230,40
Slowking,199,230,108
Slowking,199,230,103
Slowking,199,235,40
Slowking,199,235,108
Slowking,199,235,103
Misdreavus,200,263,66
Misdreavus,200,263,16
Misdreavus,200,263,69
Misdreavus,200,264,66
Misdreavus,200,264,16
Misdreavus,200,264,69
Unown,201,281,133
Wobbuffet,202,243,276
Wobbuffet,202,231,276
Girafarig,203,221,108
Girafarig,203,221,79
Girafarig,203,221,276
Girafarig,203,235,108
Girafarig,203,235,79
Girafarig,203,235,276
Pineco,204,221,267
Pineco,204,221,63
Pineco,204,221,258
Pineco,204,201,267
Pineco,204,201,63
Pineco,204,201,258
Forretress,205,201,268
Forretress,205,201,31
Forretress,205,201,63
Forretress,205,261,268
Forretress,205,261,31
Forretress,205,261,63
Dunsparce,206,202,26
Dunsparce,206,202,64
Dunsparce,206,202,46
Dunsparce,206,263,26
Dunsparce,206,263,64
Dunsparce,206,263,46
Gligar,207,200,26
Gligar,207,200,45
Gligar,207,200,51
Gligar,207,210,26
Gligar,207,210,45
Gligar,207,210,51
Steelix,208,266,31
Steelix,208,266,268
Steelix,208,266,279
Steelix,208,253,31
Steelix,208,253,268
Steelix,208,253,279
Snubbull,209,221,279
Snubbull,209,221,86
Snubbull,209,221,123
Snubbull,209,202,279
Snubbull,209,202,86
Snubbull,209,202,123
Granbull,210,202,279
Granbull,210,202,88
Granbull,210,202,245
Granbull,210,278,279
Granbull,210,278,88
Granbull,210,278,245
Qwilfish,211,236,58
Qwilfish,211,236,39
Qwilfish,211,236,91
Qwilfish,211,230,58
Qwilfish,211,230,39
Qwilfish,211,230,91
Scizor,212,229,100
Scizor,212,229,74
Scizor,212,229,51
Scizor,212,200,100
Scizor,212,200,74
Scizor,212,200,51
Shuckle,213,261,259
Shuckle,213,261,32
Shuckle,213,261,267
Shuckle,213,227,259
Shuckle,213,227,32
Shuckle,213,227,267
Heracross,214,243,22
Heracross,214,243,245
Heracross,214,243,31
Heracross,214,261,22
Heracross,214,261,245
Heracross,214,261,31
Sneasel,215,217,254
Sneasel,215,217,33
Sneasel,215,217,280
Sneasel,215,238,254
Sneasel,215,238,33
Sneasel,215,238,280
Teddiursa,216,220,28
Teddiursa,216,220,279
Teddiursa,216,220,88
Teddiursa,216,212,28
Teddiursa,216,212,279
Teddiursa,216,212,88
Ursaring,217,228,245
Ursaring,217,228,14
Ursaring,217,228,88
Ursaring,217,243,245
Ursaring,217,243,14
Ursaring,217,243,88
Slugma,218,209,102
Slugma,218,209,101
Slugma,218,209,64
Slugma,218,227,102
Slugma,218,227,101
Slugma,218,227,64
Magcargo,219,209,42
Magcargo,219,209,270
Magcargo,219,209,32
Magcargo,219,227,42
Magcargo,219,227,270
Magcargo,219,227,32
Swinub,220,221,111
Swinub,220,221,131
Swinub,220,221,64
Swinub,220,244,111
Swinub,220,244,131
Swinub,220,244,64
Piloswine,221,217,254
Piloswine,221,217,95
Piloswine,221,217,32
Piloswine,221,244,254
Piloswine,221,244,95
Piloswine,221,244,32
Corsola,222,221,259
Corsola,222,221,65
Corsola,222,221,53
Corsola,222,237,259
Corsola,222,237,65
Corsola,222,237,53
Remoraid,223,230,248
Remoraid,223,230,105
Remoraid,223,230,259
Remoraid,223,216,248
Remoraid,223,216,105
Remoraid,223,216,259
Octillery,224,230,92
Octillery,224,230,105
Octillery,224,230,248
Octillery,224,216,92
Octillery,224,216,105
Octillery,224,216,248
Delibird,225,217,33
Delibird,225,217,111
Delibird,225,217,45
Delibird,225,219,33
Delibird,225,219,111
Delibird,225,219,45
Mantine,226,237,105
Mantine,226,237,39
Mantine,226,237,45
Mantine,226,210,105
Mantine,226,210,39
Mantine,226,210,45
Skarmory,227,239,256
Skarmory,227,239,257
Skarmory,227,239,36
Skarmory,227,255,256
Skarmory,227,255,257
Skarmory,227,255,36
Houndour,228,238,279
Houndour,228,238,24
Houndour,228,238,16
Houndour,228,209,279
Houndour,228,209,24
Houndour,228,209,16
Houndoom,229,278,279
Houndoom,229,278,103
Houndoom,229,278,280
Houndoom,229,240,279
Houndoom,229,240,103
Houndoom,229,240,280
Kingdra,230,283,107
Kingdra,230,283,40
Kingdra,230,283,277
Kingdra,230,204,107
Kingdra,230,204,40
Kingdra,230,204,277
Phanpy,231,221,95
Phanpy,231,221,64
Phanpy,231,221,131
Phanpy,231,241,95
Phanpy,231,241,64
Phanpy,231,241,131
Donphan,232,221,31
Donphan,232,221,268
Donphan,232,221,88
Donphan,232,243,31
Donphan,232,243,268
Donphan,232,243,88
Porygon2,233,281,116
Porygon2,233,281,14
Porygon2,233,281,252
Porygon2,233,249,116
Porygon2,233,249,14
Porygon2,233,249,252
Stantler,234,221,127
Stantler,234,221,251
Stantler,234,221,22
Stantler,234,234,127
Stantler,234,234,251
Stantler,234,234,22
Smeargle,235,221,133
Tyrogue,236,241,123
Tyrogue,236,241,64
Tyrogue,236,241,56
Tyrogue,236,221,123
Tyrogue,236,221,64
Tyrogue,236,221,56
Hitmontop,237,241,245
Hitmontop,237,241,267
Hitmontop,237,241,32
Hitmontop,237,243,245
Hitmontop,237,243,267
Hitmontop,237,243,32
Smoochum,238,244,39
Smoochum,238,244,33
Smoochum,238,244,60
Smoochum,238,222,39
Smoochum,238,222,33
Smoochum,238,222,60
Elekid,239,205,77
Elekid,239,205,123
Elekid,239,205,35
Elekid,239,207,77
Elekid,239,207,123
Elekid,239,207,35
Magby,240,209,123
Magby,240,209,115
Magby,240,209,102
Magby,240,208,123
Magby,240,208,115
Magby,240,208,102
Miltank,241,221,127
Miltank,241,221,131
Miltank,241,221,267
Miltank,241,234,127
Miltank,241,234,131
Miltank,241,234,267
Blissey,242,222,108
Blissey,242,222,14
Blissey,242,222,86
Blissey,242,234,108
Blissey,242,234,14
Blissey,242,234,86
Raikou,243,205,78
Raikou,243,205,79
Raikou,243,205,251
Raikou,243,250,78
Raikou,243,250,79
Raikou,243,250,251
Entei,244,269,24
Entei,244,269,103
Entei,244,269,270
Entei,244,240,24
Entei,244,240,103
Entei,244,240,270
Suicune,245,274,107
Suicune,245,274,53
Suicune,245,274,105
Suicune,245,278,107
Suicune,245,278,53
Suicune,245,278,105
Larvitar,246,202,127
Larvitar,246,202,279
Larvitar,246,202,62
Larvitar,246,241,127
Larvitar,246,241,279
Larvitar,246,241,62
Pupitar,247,202,26
Pupitar,247,202,279
Pupitar,247,202,62
Pupitar,247,241,26
Pupitar,247,241,279
Pupitar,247,241,62
Tyranitar,248,202,103
Tyranitar,248,202,279
Tyranitar,248,202,32
Tyranitar,248,266,103
Tyranitar,248,266,279
Tyranitar,248,266,32
Lugia,249,274,257
Lugia,249,274,107
Lugia,249,274,275
Lugia,249,253,257
Lugia,249,253,107
Lugia,249,253,275
Ho-Oh,250,274,256
Ho-Oh,250,274,103
Ho-Oh,250,274,116
Ho-Oh,250,239,256
Ho-Oh,250,239,103
Ho-Oh,250,239,116
Celebi,251,235,14
Celebi,251,235,108
Celebi,251,235,86
Celebi,251,249,14
Celebi,251,249,108
Celebi,251,249,86
Treecko,252,222,273
Treecko,252,222,45
Treecko,252,222,272
Treecko,252,271,273
Treecko,252,271,45
Treecko,252,271,272
Grovyle,253,219,117
Grovyle,253,219,45
Grovyle,253,219,272
Grovyle,253,271,117
Grovyle,253,271,45
Grovyle,253,271,272
Sceptile,254,200,117
Sceptile,254,200,45
Sceptile,254,200,31
Sceptile,254,271,117
Sceptile,254,271,45
Sceptile,254,271,31
Torchic,255,220,101
Torchic,255,220,24
Torchic,255,220,63
Torchic,255,209,101
Torchic,255,209,24
Torchic,255,209,63
Combusken,256,211,101
Combusken,256,211,24
Combusken,256,211,64
Combusken,256,209,101
Combusken,256,209,24
Combusken,256,209,64
Blaziken,257,243,247
Blaziken,257,243,270
Blaziken,257,243,256
Blaziken,257,269,247
Blaziken,257,269,270
Blaziken,257,269,256
Mudkip,258,221,26
Mudkip,258,221,18
Mudkip,258,221,127
Mudkip,258,230,26
Mudkip,258,230,18
Mudkip,258,230,127
Marshtomp,259,216,96
Marshtomp,259,216,18
Marshtomp,259,216,284
Marshtomp,259,230,96
Marshtomp,259,230,18
Marshtomp,259,230,284
Swampert,260,216,31
Swampert,260,216,91
Swampert,260,216,284
Swampert,260,230,31
Swampert,260,230,91
Swampert,260,230,284
Poochyena,261,221,279
Poochyena,261,221,26
Poochyena,261,221,50
Poochyena,261,278,279
Poochyena,261,278,26
Poochyena,261,278,50
Mightyena,262,202,279
Mightyena,262,202,88
Mightyena,262,202,50
Mightyena,262,240,279
Mightyena,262,240,88
Mightyena,262,240,50
Zigzagoon,263,221,26
Zigzagoon,263,221,272
Zigzagoon,263,221,79
Zigzagoon,263,241,26
Zigzagoon,263,241,272
Zigzagoon,263,241,79
Linoone,264,213,26
Linoone,264,213,272
Linoone,264,213,78
Linoone,264,221,26
Linoone,264,221,272
Linoone,264,221,78
Wurmple,265,221,133
Wurmple,265,201,133
Silcoon,266,236,133
Silcoon,266,201,133
Beautifly,267,261,262
Beautifly,267,261,121
Beautifly,267,261,49
Beautifly,267,260,262
Beautifly,267,260,121
Beautifly,267,260,49
Cascoon,268,236,133
Cascoon,268,201,133
Dustox,269,261,262
Dustox,269,261,90
Dustox,269,261,49
Dustox,269,235,262
Dustox,269,235,90
Dustox,269,235,49
Lotad,270,230,53
Lotad,270,230,273
Lotad,270,215,53
Lotad,270,215,273
Lombre,271,237,53
Lombre,271,237,39
Lombre,271,237,272
Lombre,271,215,53
Lombre,271,215,39
Lombre,271,215,272
Ludicolo,272,237,107
Ludicolo,272,237,40
Ludicolo,272,237,116
Ludicolo,272,215,107
Ludicolo,272,215,40
Ludicolo,272,215,116
Seedot,273,271,273
Seedot,273,271,272
Seedot,273,271,280
Seedot,273,219,273
Seedot,273,219,272
Seedot,273,219,280
Nuzleaf,274,215,117
Nuzleaf,274,215,272
Nuzleaf,274,215,280
Nuzleaf,274,238,117
Nuzleaf,274,238,272
Nuzleaf,274,238,280
Shiftry,275,215,117
Shiftry,275,215,122
Shiftry,275,215,280
Shiftry,275,238,117
Shiftry,275,238,122
Shiftry,275,238,280
Taillow,276,211,45
Taillow,276,219,45
Swellow,277,210,45
Swellow,277,210,256
Swellow,277,210,257
Swellow,277,239,45
Swellow,277,239,256
Swellow,277,239,257
Wingull,278,230,105
Wingull,278,230,121
Wingull,278,230,39
Wingull,278,219,105
Wingull,278,219,121
Wingull,278,219,39
Pelipper,279,230,107
Pelipper,279,230,122
Pelipper,279,230,40
Pelipper,279,210,107
Pelipper,279,210,122
Pelipper,279,210,40
Ralts,280,235,60
Ralts,280,235,84
Ralts,280,235,66
Ralts,280,249,60
Ralts,280,249,84
Ralts,280,249,66
Kirlia,281,235,108
Kirlia,281,235,84
Kirlia,281,235,66
Kirlia,281,249,108
Kirlia,281,249,84
Kirlia,281,249,66
Gardevoir,282,235,108
Gardevoir,282,235,86
Gardevoir,282,235,70
Gardevoir,282,249,108
Gardevoir,282,249,86
Gardevoir,282,249,70
Surskit,283,237,57
Surskit,283,237,53
Surskit,283,237,99
Surskit,283,201,57
Surskit,283,201,53
Surskit,283,201,99
Masquerain,284,260,121
Masquerain,284,260,69
Masquerain,284,260,262
Masquerain,284,255,121
Masquerain,284,255,69
Masquerain,284,255,262
Shroomish,285,221,59
Shroomish,285,221,272
Shroomish,285,221,273
Shroomish,285,271,59
Shroomish,285,271,272
Shroomish,285,271,273
Breloom,286,243,246
Breloom,286,243,59
Breloom,286,243,90
Breloom,286,271,246
Breloom,286,271,59
Breloom,286,271,90
Slakoth,287,287,131
Slakoth,287,287,51
Slakoth,287,287,123
Vigoroth,288,220,131
Vigoroth,288,220,95
Vigoroth,288,220,123
Vigoroth,288,243,131
Vigoroth,288,243,95
Vigoroth,288,243,123
Slaking,289,287,14
Slaking,289,287,88
Slaking,289,287,31
Nincada,290,220,51
Nincada,290,220,49
Nincada,290,220,45
Nincada,290,201,51
Nincada,290,201,49
Nincada,290,201,45
Ninjask,291,200,70
Ninjask,291,200,49
Ninjask,291,200,45
Ninjask,291,228,70
Ninjask,291,228,49
Ninjask,291,228,45
Shedinja,292,202,66
Shedinja,292,202,45
Shedinja,292,202,26
Shedinja,292,261,66
Shedinja,292,261,45
Shedinja,292,261,26
Whismur,293,222,127
Whismur,293,222,84
Whismur,293,222,24
Whismur,293,263,127
Whismur,293,263,84
Whismur,293,263,24
Loudred,294,202,279
Loudred,294,202,84
Loudred,294,202,24
Loudred,294,241,279
Loudred,294,241,84
Loudred,294,241,24
Exploud,295,202,279
Exploud,295,202,84
Exploud,295,202,103
Exploud,295,263,279
Exploud,295,263,84
Exploud,295,263,103
Makuhita,296,241,268
Makuhita,296,241,56
Makuhita,296,241,28
Makuhita,296,221,268
Makuhita,296,221,56
Makuhita,296,221,28
Hariyama,297,243,268
Hariyama,297,243,245
Hariyama,297,243,246
Hariyama,297,229,268
Hariyama,297,229,245
Hariyama,297,229,246
Azurill,298,231,53
Azurill,298,231,39
Azurill,298,231,131
Azurill,298,237,53
Azurill,298,237,39
Azurill,298,237,131
Nosepass,299,227,259
Nosepass,299,227,64
Nosepass,299,227,79
Nosepass,299,206,259
Nosepass,299,206,64
Nosepass,299,206,79
Skitty,300,238,26
Skitty,300,238,84
Skitty,300,238,251
Skitty,300,221,26
Skitty,300,221,84
Skitty,300,221,251
Delcatty,301,238,88
Delcatty,301,238,84
Delcatty,301,238,251
Delcatty,301,234,88
Delcatty,301,234,84
Delcatty,301,234,251
Sableye,302,213,65
Sableye,302,213,280
Sableye,302,213,66
Sableye,302,238,65
Sableye,302,238,280
Sableye,302,238,66
Mawile,303,202,88
Mawile,303,202,20
Mawile,303,202,74
Mawile,303,263,88
Mawile,303,263,20
Mawile,303,263,74
Aron,304,221,74
Aron,304,221,63
Aron,304,221,131
Aron,304,228,74
Aron,304,228,63
Aron,304,228,131
Lairon,305,228,131
Lairon,305,228,64
Lairon,305,228,268
Lairon,305,266,131
Lairon,305,266,64
Lairon,305,266,268
Aggron,306,253,78
Aggron,306,253,32
Aggron,306,253,268
Aggron,306,266,78
Aggron,306,266,32
Aggron,306,266,268
Meditite,307,235,33
Meditite,307,235,60
Meditite,307,235,56
Meditite,307,241,33
Meditite,307,241,60
Meditite,307,241,56
Medicham,308,226,33
Medicham,308,226,108
Medicham,308,226,246
Medicham,308,243,33
Medicham,308,243,108
Medicham,308,243,246
Electrike,309,219,79
Electrike,309,219,35
Electrike,309,219,125
Electrike,309,206,79
Electrike,309,206,35
Electrike,309,206,125
Manectric,310,278,78
Manectric,310,278,251
Manectric,310,278,102
Manectric,310,249,78
Manectric,310,249,251
Manectric,310,249,102
Plusle,311,206,79
Plusle,311,206,35
Plusle,311,206,125
Plusle,311,219,79
Plusle,311,219,35
Plusle,311,219,125
Minun,312,206,79
Minun,312,206,35
Minun,312,206,125
Minun,312,219,79
Minun,312,219,35
Minun,312,219,125
Volbeat,313,261,99
Volbeat,313,261,49
Volbeat,313,261,79
Volbeat,313,221,99
Volbeat,313,221,49
Volbeat,313,221,79
Illumise,314,261,262
Illumise,314,261,49
Illumise,314,261,86
Illumise,314,221,262
Illumise,314,221,49
Illumise,314,221,86
Roselia,315,224,47
Roselia,315,224,90
Roselia,315,224,86
Roselia,315,215,47
Roselia,315,215,90
Roselia,315,215,86
Gulpin,316,222,18
Gulpin,316,222,92
Gulpin,316,222,39
Gulpin,316,241,18
Gulpin,316,241,92
Gulpin,316,241,39
Swalot,317,241,92
Swalot,317,241,90
Swalot,317,241,39
Swalot,317,260,92
Swalot,317,260,90
Swalot,317,260,39
Carvanha,318,202,57
Carvanha,318,202,279
Carvanha,318,202,50
Carvanha,318,278,57
Carvanha,318,278,279
Carvanha,318,278,50
Sharpedo,319,202,107
Sharpedo,319,202,279
Sharpedo,319,202,50
Sharpedo,319,283,107
Sharpedo,319,283,279
Sharpedo,319,283,50
Wailmer,320,231,268
Wailmer,320,231,105
Wailmer,320,231,131
Wailmer,320,230,268
Wailmer,320,230,105
Wailmer,320,230,131
Wailord,321,234,284
Wailord,321,234,40
Wailord,321,234,14
Wailord,321,230,284
Wailord,321,230,40
Wailord,321,230,14
Numel,322,209,95
Numel,322,209,42
Numel,322,209,127
Numel,322,221,95
Numel,322,221,42
Numel,322,221,127
Camerupt,323,209,31
Camerupt,323,209,270
Camerupt,323,209,116
Camerupt,323,241,31
Camerupt,323,241,270
Camerupt,323,241,116
Torkoal,324,269,270
Torkoal,324,269,116
Torkoal,324,269,31
Torkoal,324,209,270
Torkoal,324,209,116
Torkoal,324,209,31
Spoink,325,231,30
Spoink,325,231,70
Spoink,325,231,276
Spoink,325,234,30
Spoink,325,234,70
Spoink,325,234,276
Grumpig,326,249,108
Grumpig,326,249,70
Grumpig,326,249,276
Grumpig,326,274,108
Grumpig,326,274,70
Grumpig,326,274,276
Spinda,327,203,26
Spinda,327,203,63
Spinda,327,203,111
Spinda,327,226,26
Spinda,327,226,63
Spinda,327,226,111
Trapinch,328,216,258
Trapinch,328,216,26
Trapinch,328,216,279
Trapinch,328,261,258
Trapinch,328,261,26
Trapinch,328,261,279
Vibrava,329,216,258
Vibrava,329,216,95
Vibrava,329,216,49
Vibrava,329,204,258
Vibrava,329,204,95
Vibrava,329,204,49
Flygon,330,216,31
Flygon,330,216,83
Flygon,330,216,32
Flygon,330,253,31
Flygon,330,253,83
Flygon,330,253,32
Cacnea,331,236,272
Cacnea,331,236,123
Cacnea,331,236,59
Cacnea,331,203,272
Cacnea,331,203,123
Cacnea,331,203,59
Cacturne,332,224,16
Cacturne,332,224,246
Cacturne,332,224,272
Cacturne,332,203,16
Cacturne,332,203,246
Cacturne,332,203,272
Swablu,333,211,84
Swablu,333,211,45
Swablu,333,211,39
Swablu,333,263,84
Swablu,333,263,45
Swablu,333,263,39
Altaria,334,211,257
Altaria,334,211,86
Altaria,334,211,82
Altaria,334,204,257
Altaria,334,204,86
Altaria,334,204,82
Zangoose,335,200,245
Zangoose,335,200,51
Zangoose,335,200,26
Zangoose,335,213,245
Zangoose,335,213,51
Zangoose,335,213,26
Seviper,336,224,50
Seviper,336,224,279
Seviper,336,224,13
Seviper,336,266,50
Seviper,336,266,279
Seviper,336,266,13
Lunatone,337,227,108
Lunatone,337,227,64
Lunatone,337,227,87
Lunatone,337,235,108
Lunatone,337,235,64
Lunatone,337,235,87
Solrock,338,227,108
Solrock,338,227,64
Solrock,338,227,116
Solrock,338,235,108
Solrock,338,235,64
Solrock,338,235,116
Barboach,339,230,58
Barboach,339,230,39
Barboach,339,230,96
Barboach,339,216,58
Barboach,339,216,39
Barboach,339,216,96
Whiscash,340,230,105
Whiscash,340,230,40
Whiscash,340,230,96
Whiscash,340,216,105
Whiscash,340,216,40
Whiscash,340,216,96
Corphish,341,237,20
Corphish,341,237,53
Corphish,341,237,57
Corphish,341,241,20
Corphish,341,241,53
Corphish,341,241,57
Crawdaunt,342,283,20
Crawdaunt,342,283,53
Crawdaunt,342,283,51
Crawdaunt,342,278,20
Crawdaunt,342,278,53
Crawdaunt,342,278,51
Baltoy,343,235,267
Baltoy,343,235,30
Baltoy,343,235,26
Baltoy,343,274,267
Baltoy,343,274,30
Baltoy,343,274,26
Claydol,344,274,267
Claydol,344,274,108
Claydol,344,274,31
Claydol,344,235,267
Claydol,344,235,108
Claydol,344,235,31
Lileep,345,225,272
Lileep,345,225,276
Lileep,345,225,62
Lileep,345,260,272
Lileep,345,260,276
Lileep,345,260,62
Cradily,346,225,272
Cradily,346,225,95
Cradily,346,225,32
Cradily,346,260,272
Cradily,346,260,95
Cradily,346,260,32
Anorith,347,261,89
Anorith,347,261,57
Anorith,347,261,62
Anorith,347,220,89
Anorith,347,220,57
Anorith,347,220,62
Armaldo,348,200,89
Armaldo,348,200,105
Armaldo,348,200,259
Armaldo,348,261,89
Armaldo,348,261,105
Armaldo,348,261,259
Feebas,349,231,276
Feebas,349,221,276
Milotic,350,283,284
Milotic,350,283,40
Milotic,350,283,14
Milotic,350,253,284
Milotic,350,253,40
Milotic,350,253,14
Castform,351,202,127
Castform,351,202,279
Castform,351,202,62
Castform,351,241,127
Castform,351,241,279
Castform,351,241,62
Kecleon,352,212,280
Kecleon,352,212,24
Kecleon,352,212,78
Kecleon,352,212,39
Kecleon,352,212,45
Kecleon,352,212,66
Kecleon,352,203,280
Kecleon,352,203,24
Kecleon,352,203,78
Kecleon,352,203,39
Kecleon,352,203,45
Kecleon,352,203,66
Shuppet,353,238,69
Shuppet,353,238,265
Shuppet,353,238,66
Shuppet,353,263,69
Shuppet,353,263,265
Shuppet,353,263,66
Banette,354,264,70
Banette,354,264,86
Banette,354,264,78
Banette,354,213,70
Banette,354,213,86
Banette,354,213,78
Duskull,355,264,69
Duskull,355,264,265
Duskull,355,264,66
Duskull,355,263,69
Duskull,355,263,265
Duskull,355,263,66
Dusclops,356,264,67
Dusclops,356,264,33
Dusclops,356,264,115
Dusclops,356,238,67
Dusclops,356,238,33
Dusclops,356,238,115
Tropius,357,255,127
Tropius,357,255,45
Tropius,357,255,117
Tropius,357,215,127
Tropius,357,215,45
Tropius,357,215,117
Chimecho,358,274,273
Chimecho,358,274,70
Chimecho,358,274,60
Chimecho,358,263,273
Chimecho,358,263,70
Chimecho,358,263,60
Absol,359,226,16
Absol,359,226,78
Absol,359,226,22
Absol,359,278,16
Absol,359,278,78
Absol,359,278,22
Wynaut,360,231,276
Wynaut,360,243,276
Snorunt,361,244,254
Snorunt,361,244,111
Snorunt,361,244,70
Snorunt,361,264,254
Snorunt,361,264,111
Snorunt,361,264,70
Glalie,362,217,254
Glalie,362,217,267
Glalie,362,217,70
Glalie,362,218,254
Glalie,362,218,267
Glalie,362,218,70
Spheal,363,230,248
Spheal,363,230,131
Spheal,363,230,105
Spheal,363,241,248
Spheal,363,241,131
Spheal,363,241,105
Sealeo,364,230,248
Sealeo,364,230,131
Sealeo,364,230,105
Sealeo,364,244,248
Sealeo,364,244,131
Sealeo,364,244,105
Walrein,365,283,40
Walrein,365,283,31
Walrein,365,283,105
Walrein,365,218,40
Walrein,365,218,31
Walrein,365,218,105
Clamperl,366,230,131
Clamperl,366,230,39
Clamperl,366,230,105
Huntail,367,230,279
Huntail,367,230,39
Huntail,367,230,58
Huntail,367,202,279
Huntail,367,202,39
Huntail,367,202,58
Gorebyss,368,230,85
Gorebyss,368,230,108
Gorebyss,368,230,105
Gorebyss,368,235,85
Gorebyss,368,235,108
Gorebyss,368,235,105
Relicanth,369,230,62
Relicanth,369,230,58
Relicanth,369,230,107
Relicanth,369,234,62
Relicanth,369,234,58
Relicanth,369,234,107
Luvdisc,370,230,85
Luvdisc,370,230,105
Luvdisc,370,230,57
Luvdisc,370,231,85
Luvdisc,370,231,105
Luvdisc,370,231,57
Bagon,371,202,24
Bagon,371,202,80
Bagon,371,202,279
Bagon,371,209,24
Bagon,371,209,80
Bagon,371,209,279
Shelgon,372,209,24
Shelgon,372,209,82
Shelgon,372,209,80
Shelgon,372,204,24
Shelgon,372,204,82
Shelgon,372,204,80
Salamence,373,253,103
Salamence,373,253,107
Salamence,373,253,285
Salamence,373,240,103
Salamence,373,240,107
Salamence,373,240,285
Beldum,374,282,133
Metang,375,234,108
Metang,375,234,267
Metang,375,234,60
Metang,375,228,108
Metang,375,228,267
Metang,375,228,60
Metagross,376,229,108
Metagross,376,229,36
Metagross,376,229,31
Metagross,376,234,108
Metagross,376,234,36
Metagross,376,234,31
Regirock,377,227,32
Regirock,377,227,252
Regirock,377,227,247
Regirock,377,241,32
Regirock,377,241,252
Regirock,377,241,247
Regice,378,218,40
Regice,378,218,31
Regice,378,218,247
Regice,378,241,40
Regice,378,241,31
Regice,378,241,247
Registeel,379,228,36
Registeel,379,228,14
Registeel,379,228,247
Registeel,379,241,36
Registeel,379,241,14
Registeel,379,241,247
Latias,380,204,108
Latias,380,204,83
Latias,380,204,78
Latias,380,234,108
Latias,380,234,83
Latias,380,234,78
Latios,381,204,108
Latios,381,204,83
Latios,381,204,116
Latios,381,234,108
Latios,381,234,83
Latios,381,234,116
Kyogre,382,283,107
Kyogre,382,283,40
Kyogre,382,283,78
Kyogre,382,253,107
Kyogre,382,253,40
Kyogre,382,253,78
Groudon,383,216,31
Groudon,383,216,103
Groudon,383,216,116
Groudon,383,253,31
Groudon,383,253,103
Groudon,383,253,116
Rayquaza,384,255,277
Rayquaza,384,255,45
Rayquaza,384,255,62
Rayquaza,384,253,277
Rayquaza,384,253,45
Rayquaza,384,253,62
Jirachi,385,235,86
Jirachi,385,235,108
Jirachi,385,235,286
Jirachi,385,249,86
Jirachi,385,249,108
Jirachi,385,249,286
Deoxys,386,234,288
Deoxys,386,234,252
Deoxys,386,234,125
Deoxys,386,243,288
Deoxys,386,243,252
Deoxys,386,243,125
